,Region,Meand13C,SDd13C,Meand15N,SDd15N,n
Freshwater invertebrates,Downstream,-28.8926086,0.812249591,2.536111465,1.096045976,4
Freshwater invertebrates,Upstream,-31.78450335,1.240576768,1.971422778,0.845559447,4
Marine derived nutrients,Downstream,-14.86497122,0.181043083,15.0066242,0.303664828,25
Marine derived nutrients,Upstream,-14.86497122,0.181043083,15.0066242,0.303664828,25