,Region,Meand13C,SDd13C,Meand15N,SDd15N,n
Freshwater invertebrates,Downstream,-27.99701223,0.375675891,1.67350392,1.318397713,4
Freshwater invertebrates,Upstream,-29.9812157,0.76962924,2.576050103,1.108609217,4
Marine derived nutrients,Downstream,-14.86497122,0.181043083,15.0066242,0.303664828,25
Marine derived nutrients,Upstream,-14.86497122,0.181043083,15.0066242,0.303664828,25