,Region,Meand13C,SDd13C,Meand15N,SDd15N,n
Freshwater invertebrates,Downstream,-30.99285478,0.846522226,4.673782599,1.599177307,4
Freshwater invertebrates,Upstream,-30.77452083,1.269455537,5.025206802,2.00672487,4
Marine derived nutrients,Downstream,-14.86497122,0.181043083,15.0066242,0.303664828,25
Marine derived nutrients,Upstream,-14.86497122,0.181043083,15.0066242,0.303664828,25