,Region,Meand13C,SDd13C,Meand15N,SDd15N,n
Freshwater invertebrates,Downstream,-25.2058012,0.996795216,3.234741781,1.592491444,8
Freshwater invertebrates,Upstream,-28.02753668,3.04828516,2.577527849,1.218453295,8
Marine derived nutrients,Downstream,-14.86497122,0.181043083,15.0066242,0.303664828,25
Marine derived nutrients,Upstream,-14.86497122,0.181043083,15.0066242,0.303664828,25