,Region,Meand13C,SDd13C,Meand15N,SDd15N,n
Freshwater invertebrates,Downstream,-27.01156328,1.196901982,2.808677819,1.011684231,8
Freshwater invertebrates,Upstream,-29.25403501,2.443042656,3.602073607,1.059056068,8
Marine derived nutrients,Downstream,-14.86497122,0.181043083,15.0066242,0.303664828,25
Marine derived nutrients,Upstream,-14.86497122,0.181043083,15.0066242,0.303664828,25